id;account_number;status;rate_plan;arrival_date;departure_date;check_in_date_time;check_out_date_time;room_type;room_number;adults;children;crib;rollaway;first_name;last_name;phone;email
92c5c59f-7a24-4e7d-8f48-7e5dcceadf17;withdrawal e-markets white;Account Ecuador;redundant transmit green;52882;70853;68004;10150;Outdoors Computer;Orchestrator 1080p;99124;38253;true;false;Imogene;Auer;(836) 586-8862 x51745;Emely46@gmail.com
83b0ee9b-fcd6-4273-89ff-077b4b165733;Frozen user-centric fuchsia;payment cross-platform convergence;New copy;22324;35516;81734;90038;Chicken Unbranded;redefine withdrawal payment;77002;25398;false;true;Ivory;Grimes;828-818-7645;Lavonne.Bednar@yahoo.com
099edb28-87d8-436f-be2e-dd7fdb859a3f;Representative Rubber;Rubber Gold interactive;PNG Avon;40758;20692;72584;3095;monetize Crescent;navigate Alaska COM;64922;61187;true;true;Makenzie;White;669-612-5883;Frida.Barton@gmail.com
edc98ff6-c41b-492d-a5d6-7ae5e3d75be5;portal;JSON;Analyst B2C invoice;92542;74025;49915;39742;Total;synthesizing;4643;15637;true;true;Oleta;Kreiger;275-809-1409;Lindsay.Torphy@hotmail.com
73af34ff-395c-4a0e-8df5-fcd5f85cea8c;Customizable expedite Metal;out-of-the-box;Handmade Plastic;95848;13548;65627;71036;synthesizing disintermediate;archive;90669;99252;true;true;London;Breitenberg;1-763-676-6102 x1889;Ana.Osinski22@hotmail.com
41451b4c-0dac-4a19-8ea4-78c6974d90ec;Kids;Incredible Concrete;Mouse Plains Bacon;54806;22597;76062;25282;bluetooth;and;60107;57462;false;false;Murphy;D'Amore;947-216-8275 x15660;Orie_Oberbrunner@yahoo.com
af3b24c5-d32e-4256-a36f-5f08b60806fc;Cambridgeshire Group Orchestrator;up Virginia;Jan multi-state Hawaii;11180;30944;46967;30919;compress Consultant real-time;Synergistic Integration Meadows;23065;63139;true;false;Santino;Bayer;936-766-9609;Justina.Macejkovic1@gmail.com
36f15bc0-b280-4fe3-a1f3-bb4943f82c59;Customer;Oregon;Avon synergies Shoes;60927;18073;83752;75691;Compatible hybrid;Dynamic AGP Japan;31512;80143;true;false;Zula;Monahan;(710) 939-4916;Hertha.Nienow@gmail.com
2276dedd-a15a-4342-9d78-48e3ccaf9ab8;ROI neural Senior;National calculating Avon;Rubber index Soft;25941;65786;79272;83349;Bedfordshire back;Tugrik;64102;90920;true;false;Verner;Padberg;274-526-2955;Jamir.Larson@gmail.com
d82171b7-0a58-40c3-84bc-5bac644efa36;Run microchip;Shoes;Technician FTP;32526;40283;27571;65170;optimal niches;transform Skyway index;46709;29243;true;true;Fiona;Rosenbaum;669-415-8144 x5030;Verla.Harber@yahoo.com
